Process	Rust	Docker	Linux KVM	Linux
0.003763833	0.332134859	0.861074886	4.117742061	16.65978637