Process,Rust,Docker,Linux KVM,Linux
0.004305216,0.336574735,0.861074886,4.123851035,18.116918445
